streetlight_id,lat,lng
잠실호수교경관-02,37.510033,127.103033
잠실호수교경관-01,37.510106,127.103162
잠실호수교경관-03,37.509958,127.102902
잠실호수교경관-04,37.509878,127.102759
잠실호수교경관-05,37.5098,127.102621
잠실호수교경관-06,37.509719,127.102481
잠실호수교경관-11,37.509924,127.103128
잠실호수교경관-12,37.509992,127.103259
잠실호수교경관-10,37.509844,127.102999
잠실호수교경관-09,37.50976,127.102865
잠실호수교경관-08,37.509679,127.102733
잠실호수교경관-07,37.509593,127.102596
올_62-45,37.519073,127.096348
올_62-46,37.51928,127.096422
잠실대교남단-02,37.518937,127.095573
잠실대교남단경관-01,37.519031,127.095662
잠실대교남단-01,37.519102,127.095781
올_62-47,37.519461,127.096528
올_62-40,37.519013,127.095436
올_62-41,37.519259,127.095914
올_62-42,37.519481,127.096358
올_62-39,37.518799,127.094938
올_62-38,37.518666,127.094711
잠실대교남단경관-37,37.519159,127.095563
올_62-48,37.519635,127.096664
올_62-16,37.519171,127.095372
올_62-17,37.519375,127.095789
올_62-15,37.519018,127.095032
올_62-37,37.518477,127.094166
올_62-49,37.519885,127.097086
잠실대교남단-03,37.519337,127.095625
잠실대교남단경관-02,37.519271,127.095475
올_62-18,37.519574,127.096151
잠실대교남단-04,37.519216,127.09533
올_62-14,37.518856,127.094631
올_62-19,37.519782,127.096525
올_61-14,37.519262,127.095214
올_61-15,37.519589,127.095857
올_62-13,37.518692,127.0942
올_62-50,37.520174,127.097579
올_61-13,37.51907,127.094771
올_62-20,37.519988,127.096883
잠실대교남단경관-36,37.519402,127.095374
올_62-36,37.518297,127.093606
올_61-16,37.519793,127.096222
올_61-12,37.5189,127.094338
올_61-17,37.520001,127.096595
올_62-21,37.5202,127.097259
잠실대교남단-05,37.519556,127.095427
올_62-12,37.518544,127.093746
잠실대교남단경관-03,37.51951,127.095295
잠실대교남단-06,37.519461,127.095169
올_61-50,37.519368,127.094932
올_62-51,37.520457,127.098058
올_61-51,37.51919,127.094592
올_61-49,37.519656,127.095478
올_61-18,37.520215,127.09697
올_61-11,37.518734,127.093856
올_62-22,37.520421,127.097637
올_61-52,37.519035,127.094246
올_61-48,37.519871,127.095849
올_62-35,37.518113,127.093031
올_62-11,37.518397,127.093295
잠실대교남단경관-35,37.519635,127.095192
올_61-47,37.520086,127.096226
올_61-19,37.520428,127.097344
올_61-53,37.518885,127.093886
올_63-17,37.519801,127.095403
올_63-18,37.519611,127.094998
올_63-19,37.519424,127.094649
올_62-23,37.520617,127.09799
올_63-20,37.519231,127.094315
올_61-10,37.518576,127.093376
올_61-46,37.520291,127.096589
올_63-16,37.520021,127.095832
올_62-52,37.520735,127.098549
잠실대교남단-07,37.5198,127.095269
올_61-54,37.518755,127.093522
올_63-21,37.519054,127.093934
잠실대교남단경관-04,37.519747,127.095108
올_61-20,37.520633,127.09769
잠실대교남단-08,37.519688,127.094964
올_63-42,37.519593,127.094775
올_63-15,37.52026,127.096253
올_63-43,37.519408,127.094396
올_62-10,37.518241,127.09281
올_62-34,37.517924,127.092473
올_61-45,37.520506,127.09694
올_63-41,37.520011,127.095509
올_62-24,37.52083,127.098366
올_63-22,37.518904,127.093533
올_63-44,37.519234,127.094003
올_61-09,37.518418,127.092899
올_61-55,37.518622,127.093131
올_63-14,37.520492,127.096654
올_61-21,37.520832,127.09804
올_63-40,37.520248,127.095908
잠실대교남단경관-34,37.51987,127.095009
올_61-44,37.520718,127.097311
잠실대교남단-516,37.519368,127.094035
올_62-53,37.521014,127.099019
잠실대교남단-506,37.519486,127.094172
잠실대교남단-507,37.520351,127.095944
올_63-23,37.518758,127.093115
올_63-39,37.52048,127.096301
잠실대교남단-514,37.519201,127.093684
올_62-09,37.518083,127.092349
잠실대교남단-504,37.519306,127.093835
잠실대교남단-09,37.520007,127.095081
올_62-25,37.521035,127.098722
올_63-13,37.520729,127.097064
올_61-56,37.518488,127.092735
잠실대교남단-519,37.519675,127.094391
잠실대교남단-517,37.520475,127.09616
잠실대교남단-520,37.520295,127.095668
올_61-22,37.521035,127.098405
잠실대교남단경관-05,37.519987,127.094922
잠실대교남단-503,37.520587,127.096406
올_61-43,37.520936,127.097688
올_62-33,37.517743,127.09193
올_61-08,37.518269,127.092418
잠실대교남단-10,37.519952,127.094792
올_63-38,37.520703,127.096696
잠실대교남단-501,37.519101,127.09339
잠실대교남단-512,37.519004,127.093239
잠실대교남단-510,37.520262,127.095354
잠실대교남단-513,37.520711,127.096585
잠실대교남단-500,37.520758,127.096714
올_63-12,37.520971,127.097468
올_63-24,37.518619,127.09266
올_62-26,37.521233,127.099082
잠실대교남단경관-33,37.520096,127.094837
올_63-45,37.51893,127.092973
잠실대교남단-509,37.519922,127.094464
올_61-57,37.518361,127.092304
올_61-23,37.521241,127.098762
올_62-08,37.517934,127.091888
올_62-54,37.521303,127.099483
올_61-42,37.521167,127.098081
잠실대교남단-11,37.520241,127.094932
잠실대교남단-12,37.520117,127.094636
잠실대교남단-523,37.520346,127.095088
잠실대교남단경관-06,37.520195,127.094763
올_61-07,37.518108,127.091907
올_63-11,37.521212,127.097869
올_62-43,37.521359,127.098714
올_63-25,37.518481,127.092222
올_62-27,37.521437,127.099433
올_62-32,37.517572,127.091354
올_61-24,37.521442,127.099116
올_61-58,37.518219,127.09187
올_61-41,37.52139,127.098474
잠실대교남단-522,37.520192,127.094497
올_63-46,37.518761,127.092386
올_63-37,37.52126,127.097513
잠실대교남단경관-32,37.520302,127.094677
올_62-07,37.517783,127.091427
올_63-10,37.521451,127.098275
올_62-55,37.521589,127.099879
잠실대교남단-525,37.520453,127.094823
잠실대교남단-13,37.52045,127.094748
올_63-26,37.518348,127.09178
잠실대교남단-14,37.520335,127.094498
올_61-06,37.517947,127.091404
잠실대교남단경관-07,37.520408,127.094596
올_62-44,37.521536,127.098338
올_61-25,37.521644,127.099467
올_61-59,37.518098,127.091479
올_61-40,37.521621,127.09887
올_63-47,37.518559,127.091864
올_63-36,37.521547,127.098061
올_63-09,37.521683,127.098683
올_62-31,37.51742,127.090798
올_62-06,37.517641,127.090952
잠실대교남단경관-31,37.520552,127.094485
올_61-26,37.521857,127.099833
올_61-39,37.521837,127.099242
올_63-27,37.518179,127.091252
올_61-60,37.517971,127.091068
올_61-05,37.517781,127.090892
올_62-56,37.521893,127.10033
올_63-35,37.521848,127.098599
올_63-08,37.521912,127.099072
올_63-50,37.518379,127.091269
잠실대교남단-16,37.52059,127.094205
잠실대교남단경관-08,37.52069,127.094382
잠실대교남단-15,37.52079,127.094565
올_62-05,37.517492,127.090484
올_61-27,37.522059,127.100174
올_61-38,37.52207,127.099637
올_61-61,37.517841,127.090647
올_63-28,37.518039,127.090788
잠실대교남단경관-30,37.520803,127.094295
올_62-30,37.517259,127.090169
올_64-01,37.522129,127.100659
올_61-04,37.517624,127.090393
올_63-07,37.522146,127.099476
올_63-34,37.522161,127.099167
잠실대교남단-18,37.520822,127.094079
잠실대교남단경관-09,37.520896,127.094225
올_63-51,37.518195,127.090707
올_61-28,37.522265,127.100527
올_62-04,37.517364,127.09004
잠실대교남단-17,37.521031,127.09434
올_61-62,37.517717,127.090233
올_63-29,37.517896,127.090339
올_64-02,37.522323,127.100978
잠실대교남단경관-29,37.521017,127.094129
올_63-06,37.522367,127.099852
올_61-03,37.51749,127.089933
올_61-37,37.522413,127.100239
잠실대교남단-20,37.520972,127.093926
잠실대교남단-19,37.521149,127.094278
올_63-33,37.522444,127.09976
잠실대교남단-22,37.521033,127.093929
잠실대교남단경관-10,37.521124,127.094045
잠실대교남단-21,37.521235,127.094215
올_63-52,37.518026,127.090139
올_62-03,37.517246,127.089608
올_62-29,37.517115,127.089502
올_61-63,37.517603,127.089801
올_63-30,37.517766,127.089882
올_64-03,37.522535,127.101287
올_63-05,37.522588,127.100223
올_64-19,37.522567,127.100985
잠실대교남단경관-28,37.521211,127.093975
올_61-36,37.522628,127.100578
잠실대교남단-24,37.521203,127.09384
잠실대교남단-23,37.521347,127.094075
잠실대교남단경관-11,37.52128,127.093926
올_61-02,37.517369,127.089466
잠실철교남단-32,37.5227,127.101039
올_63-04,37.522775,127.100432
잠실대교남단-25,37.521461,127.094021
잠실대교남단-26,37.521319,127.093707
올_64-20,37.522763,127.10132
올_62-02,37.51714,127.089151
올_61-64,37.517491,127.089347
올_64-04,37.522757,127.101594
올_63-53,37.517853,127.089578
잠실대교남단경관-27,37.521412,127.093822
올_63-31,37.517652,127.089421
올_61-35,37.52283,127.100936
올_62-28,37.516986,127.088871
잠실철교남단-31,37.522915,127.101379
잠실대교남단경관-12,37.521543,127.093724
올_61-01,37.517259,127.088986
잠실대교남단-27,37.521612,127.093847
잠실대교남단-28,37.521505,127.093607
올_63-03,37.523008,127.10088
석촌지하차도-08,37.504191,127.104403
석촌지하차도-09,37.504047,127.1039
올_64-05,37.522943,127.101902
올_64-21,37.522971,127.101664
석촌지하차도-10,37.503871,127.103342
올_61-34,37.523039,127.10128
올_62-01,37.517052,127.088728
올_61-65,37.517395,127.088905
올_60-26,37.517684,127.089077
잠실대교남단경관-26,37.521655,127.093635
올_63-32,37.51755,127.088948
잠실대교남단-30,37.521645,127.09346
석촌지하차도-07,37.504087,127.104707
잠실철교남단-30,37.523134,127.101727
석촌지하차도-06,37.503939,127.104275
잠실대교남단경관-13,37.521754,127.093549
잠실대교남단-29,37.521838,127.093707
석촌지하차도-05,37.503772,127.10373
올_63-02,37.523238,127.101289
올_64-06,37.523144,127.102229
올_64-22,37.523177,127.101992
올_59-20,37.517143,127.088481
올_61-33,37.523256,127.101626
올_59-50,37.51691,127.088319
잠실철교남단-03,37.523216,127.102542
잠실대교남단경관-25,37.521898,127.093446
석촌지하차도-11,37.503249,127.101368
올_60-27,37.517534,127.088556
잠실철교남단-01,37.523179,127.102929
올_60-01,37.517283,127.088303
잠실철교남단-29,37.523384,127.102033
잠실철교남단-04,37.523357,127.102249
잠실대교남단-32,37.521953,127.093265
석촌지하차도-12,37.503095,127.100855
올_63-01,37.523469,127.101679
올_64-07,37.523359,127.102578
올_61-32,37.523446,127.101949
올_64-23,37.5234,127.102358
잠실대교남단경관-14,37.522028,127.093342
잠실철교남단-02,37.523267,127.103207
잠실대교남단-31,37.522101,127.093465
올_59-19,37.517078,127.088014
석촌지하차도-13,37.502954,127.100336
석촌지하차도-04,37.502979,127.101222
올_64-54,37.523551,127.102105
올_59-49,37.516853,127.08783
잠실대교남단경관-24,37.522183,127.093226
올_60-28,37.517415,127.087995
잠실철교남단-28,37.523697,127.101833
석촌지하차도-14,37.502824,127.099821
석촌지하차도-03,37.502827,127.100668
올_64-24,37.523625,127.102712
올_60-02,37.517208,127.087791
잠실철교남단-05,37.523745,127.102032
잠실대교남단-33,37.522376,127.093294
올_64-08,37.523634,127.102973
잠실대교남단-34,37.522249,127.092996
잠실대교남단경관-15,37.522313,127.093123
석촌지하차도-02,37.50271,127.10013
올_59-18,37.517025,127.087571
올_64-70,37.523812,127.102212
올_64-53,37.523785,127.102464
올_59-48,37.516811,127.087386
석촌지하차도-01,37.502614,127.099613
잠실대교남단경관-23,37.522503,127.092979
올_60-29,37.517332,127.08744
올_64-25,37.523893,127.103059
잠실철교남단-27,37.52412,127.101561
올_60-03,37.517138,127.08724
잠실철교남단-06,37.524155,127.101732
올_64-52,37.524028,127.102809
올_64-69,37.524078,127.102586
올_64-09,37.523952,127.103354
올_59-17,37.516972,127.087106
잠실대교남단-36,37.522621,127.092748
잠실대교남단-35,37.522742,127.092971
잠실대교남단경관-16,37.522686,127.092841
올_59-47,37.516777,127.086936
올_60-30,37.517254,127.086925
잠실대교남단경관-22,37.522846,127.092716
올_64-26,37.524216,127.103433
올_64-51,37.524273,127.103143
잠실철교남단-26,37.524507,127.101316
올_64-68,37.524345,127.102966
올_59-16,37.516929,127.086651
잠실철교남단-07,37.524545,127.101522
올_60-04,37.517097,127.086674
올_64-10,37.524289,127.103762
잠실대교남단-37,37.523066,127.092763
잠실대교남단경관-17,37.522988,127.092597
올_59-46,37.516766,127.086433
잠실대교남단-38,37.52295,127.092457
올_64-50,37.52453,127.103473
잠실대교남단경관-21,37.523136,127.092485
잠실철교북단경관-19,37.524881,127.101008
올_64-67,37.524622,127.103329
올_64-27,37.524549,127.103828
올_60-31,37.517203,127.086327
올_59-15,37.51689,127.086175
잠실철교남단-25,37.524943,127.101036
잠실철교북단경관-20,37.524956,127.100954
잠실철교남단-08,37.524972,127.101208
잠실대교남단-39,37.523325,127.092495
잠실철교남단경관-01,37.524989,127.101293
잠실대교남단경관-18,37.523284,127.092367
잠실대교남단-40,37.52325,127.092265
올_60-05,37.517046,127.086088
올_64-11,37.524614,127.104145
올_59-45,37.516723,127.085947
잠실철교북단경관-56,37.525046,127.100913
잠실철교남단경관-02,37.525064,127.101228
잠실철교북단경관-108,37.525125,127.100857
올_64-49,37.524788,127.103803
잠실철교남단경관-03,37.525144,127.101177
잠실철교북단경관-107,37.525202,127.100806
올_64-66,37.524887,127.103668
잠실철교남단경관-04,37.525223,127.101127
잠실대교남단경관-20,37.523498,127.092206
올_59-14,37.516844,127.085707
잠실철교북단경관-55,37.525278,127.100757
올_64-28,37.524866,127.104206
잠실철교남단경관-05,37.525307,127.101073
잠실철교북단경관-18,37.525342,127.100714
올_60-32,37.517159,127.085735
잠실철교남단경관-06,37.525385,127.101025
올_59-44,37.516682,127.085476
잠실철교북단경관-21,37.525406,127.100676
잠실철교남단-24,37.525434,127.100723
올_64-12,37.524943,127.104526
올_64-48,37.525047,127.10412
올_60-06,37.516996,127.085515
잠실철교남단-09,37.525456,127.100942
잠실철교남단경관-07,37.525463,127.100978
잠실대교남단-41,37.523729,127.09219
잠실대교남단경관-19,37.523676,127.092068
잠실철교북단경관-57,37.525492,127.100629
잠실대교남단-42,37.523644,127.091925
올_64-65,37.525175,127.103974
잠실철교북단경관-106,37.525559,127.100586
잠실철교남단경관-08,37.525549,127.100921
올_59-13,37.516816,127.085233
잠실철교북단경관-105,37.525635,127.100539
잠실철교남단경관-09,37.525632,127.100867
잠실대교북단_01-53,37.523883,127.092074
잠실대교북단_02-54,37.523773,127.091828
올_64-29,37.52518,127.104574
잠실철교북단경관-54,37.525704,127.100494
잠실철교남단경관-10,37.525709,127.100818
올_59-43,37.51665,127.085026
올_60-33,37.517114,127.085183
잠실철교북단경관-17,37.525778,127.100448
잠실철교남단경관-11,37.525787,127.100771
올_64-47,37.525319,127.104446
잠실대교북단_01-51,37.524015,127.091927
잠실철교남단-23,37.525836,127.100466
잠실철교북단경관-22,37.525846,127.100394
잠실대교북단경관-20,37.523988,127.091829
올_64-13,37.525275,127.104906
잠실철교남단-10,37.525856,127.10064
잠실대교북단_02-52,37.523959,127.091729
올_60-07,37.516956,127.084963
올_64-64,37.52544,127.104284
잠실철교남단경관-12,37.525873,127.100715
잠실철교북단경관-58,37.525938,127.100336
올_59-12,37.516774,127.084796
잠실철교남단경관-13,37.525957,127.10066
잠실대교북단경관-42,37.524131,127.091723
잠실철교북단경관-104,37.526026,127.100282
잠실철교남단경관-14,37.526046,127.1006
올_59-42,37.516618,127.08456
잠실철교북단경관-103,37.526096,127.100236
올_64-30,37.525512,127.104967
올_64-46,37.525591,127.10477
잠실철교남단경관-15,37.526131,127.100547
잠실대교북단_01-49,37.524298,127.091757
잠실대교북단경관-19,37.52424,127.091635
잠실대교북단_02-50,37.524193,127.091506
올_60-34,37.51707,127.084616
잠실철교북단경관-53,37.526182,127.100188
올_64-63,37.525707,127.104595
잠실철교남단경관-16,37.526214,127.100495
올_64-14,37.525589,127.105285
잠실철교북단경관-16,37.526265,127.100128
올_60-08,37.516917,127.084414
올_59-11,37.516751,127.084343
잠실철교남단경관-17,37.526303,127.100436
잠실대교북단경관-41,37.524377,127.091533
잠실철교남단-22,37.526327,127.100153
잠실철교남단-11,37.526342,127.100376
잠실철교북단경관-23,37.526355,127.100076
잠실철교남단경관-18,37.526399,127.100374
올_59-41,37.516591,127.084131
잠실철교북단경관-59,37.526442,127.100016
잠실대교북단경관-18,37.524493,127.091442
잠실대교북단_01-47,37.524539,127.091527
잠실대교북단_02-48,37.524453,127.091346
올_64-45,37.525863,127.105098
잠실철교남단경관-19,37.526483,127.100323
올_64-31,37.525842,127.105337
올_64-62,37.525958,127.104908
잠실철교북단경관-102,37.526519,127.099967
올_60-35,37.517038,127.08411
잠실철교남단경관-20,37.52657,127.100269
잠실철교북단경관-101,37.526593,127.09992
잠실대교북단경관-40,37.524637,127.091335
올_64-15,37.525883,127.105643
올_59-10,37.516714,127.083887
잠실철교남단경관-21,37.526655,127.100213
잠실철교북단경관-52,37.526668,127.099871
올_60-09,37.516886,127.083884
잠실대교북단_01-45,37.524804,127.091369
잠실철교남단경관-22,37.52674,127.100162
잠실철교북단경관-15,37.526746,127.099822
잠실대교북단_02-46,37.524699,127.091115
잠실대교북단경관-17,37.524762,127.091238
올_59-40,37.516569,127.083657
잠실철교남단-21,37.526795,127.099855
잠실철교남단-12,37.526803,127.100033
올_64-44,37.526144,127.105419
잠실철교북단경관-24,37.526826,127.099776
잠실철교남단경관-23,37.526835,127.100103
올_64-61,37.526227,127.105185
올_64-32,37.526144,127.105691
잠실철교북단경관-60,37.526908,127.099724
잠실철교남단경관-24,37.526924,127.100041
올_60-36,37.517005,127.083595
잠실대교북단경관-39,37.524921,127.091117
올_59-09,37.516701,127.083424
올_64-16,37.526189,127.105969
잠실철교북단경관-100,37.526995,127.099668
잠실철교남단경관-25,37.527014,127.099986
올_60-10,37.516858,127.083354
잠실철교북단경관-99,37.527077,127.099619
잠실대교북단_01-43,37.525102,127.091098
잠실철교남단경관-26,37.527105,127.099923
잠실대교북단경관-16,37.52506,127.091009
잠실대교북단_02-44,37.525017,127.09091
올_64-43,37.526412,127.105705
올_59-39,37.516553,127.083169
잠실철교북단경관-51,37.527149,127.099572
잠실철교남단경관-27,37.527197,127.099868
올_64-60,37.526524,127.105546
잠실철교북단경관-14,37.527236,127.099518
올_64-33,37.526439,127.106021
잠실철교남단-20,37.527254,127.099563
잠실대교북단경관-38,37.5252,127.0909
잠실철교남단-13,37.527271,127.099782
잠실철교남단경관-28,37.527287,127.099811
잠실철교북단경관-25,37.527307,127.099468
올_60-37,37.516982,127.083069
올_59-08,37.516689,127.082956
올_64-17,37.526475,127.106281
잠실철교남단경관-29,37.527383,127.09975
잠실대교북단_01-41,37.525362,127.090942
잠실철교북단경관-61,37.527387,127.099422
잠실대교북단경관-15,37.52531,127.090817
잠실대교북단_02-42,37.525288,127.090664
잠실철교북단경관-98,37.527462,127.099371
올_60-11,37.516853,127.082828
잠실철교남단경관-30,37.527482,127.099684
올_59-38,37.516551,127.082688
잠실대교북단경관-37,37.525424,127.090725
잠실철교북단경관-97,37.527532,127.099329
올_64-59,37.526833,127.105867
잠실철교남단경관-31,37.527574,127.099628
올_64-34,37.526727,127.106331
잠실철교북단경관-50,37.5276,127.099285
잠실대교북단경관-14,37.525522,127.090652
올_65A-41,37.526843,127.106155
잠실대교북단_02-40,37.525492,127.090546
잠실대교북단_01-39,37.525584,127.090732
잠실철교남단경관-32,37.527666,127.09957
잠실철교북단경관-13,37.527671,127.099237
올_60-38,37.516982,127.082585
올_66-01,37.526757,127.106587
올_59-07,37.516686,127.082468
잠실철교남단-19,37.527703,127.099277
잠실철교남단-14,37.527714,127.099449
잠실철교남단경관-33,37.527753,127.099515
잠실철교북단경관-26,37.527748,127.099188
잠실대교북단경관-36,37.52565,127.090551
잠실철교북단경관-62,37.527821,127.09914
잠실철교남단경관-34,37.527836,127.09946
올_60-12,37.516847,127.082342
잠실대교북단_01-37,37.525783,127.090615
올_59-37,37.516553,127.082206
잠실대교북단경관-13,37.525741,127.090481
잠실철교북단경관-96,37.527889,127.099106
잠실대교북단_02-38,37.525703,127.090345
잠실철교남단경관-35,37.527921,127.099408
올_64-58,37.527146,127.10619
올_64-35,37.527019,127.106636
올_66-02,37.526959,127.106883
잠실철교북단경관-95,37.527955,127.099057
올_65A-40,37.52712,127.106434
잠실철교남단경관-36,37.528009,127.099352
잠실대교북단경관-35,37.525846,127.090406
잠실철교북단경관-49,37.528023,127.099016
올_60-39,37.516982,127.082112
올_59-06,37.516696,127.081975
잠실철교남단경관-37,37.528101,127.099294
잠실대교북단_01-35,37.52597,127.090438
잠실대교북단경관-12,37.525929,127.090339
잠실철교북단경관-12,37.528097,127.098969
잠실대교북단_02-36,37.52589,127.09024
잠실철교남단-18,37.528135,127.099002
잠실철교남단-15,37.528149,127.099212
잠실철교남단경관-38,37.528183,127.099236
잠실철교북단경관-27,37.528184,127.098909
올_60-13,37.51686,127.081864
잠실대교북단경관-34,37.526032,127.090263
올_66-03,37.527173,127.107142
올_59-36,37.516556,127.081719
잠실철교남단경관-39,37.528264,127.099186
올_65A-39,37.527359,127.106682
잠실철교북단경관-63,37.528263,127.09886
올_64-36,37.527299,127.106919
잠실대교북단_01-33,37.52616,127.090327
잠실대교북단경관-11,37.526105,127.090199
잠실대교북단_02-34,37.526062,127.090068
올_64-57,37.527475,127.106534
잠실철교남단경관-40,37.528343,127.099135
잠실철교북단경관-94,37.528343,127.098817
잠실대교북단경관-33,37.526197,127.090133
잠실철교북단경관-93,37.528407,127.098767
올_60-40,37.517,127.081616
잠실철교남단경관-41,37.52844,127.099078
올_59-05,37.516715,127.081481
잠실철교북단경관-48,37.528474,127.098724
올_66-04,37.527398,127.107377
잠실대교북단_01-31,37.526322,127.090169
잠실대교북단_02-32,37.526231,127.089976
잠실대교북단경관-10,37.52629,127.090062
잠실철교남단경관-42,37.528527,127.09902
잠실철교북단경관-11,37.528535,127.098683
잠실철교남단-17,37.528556,127.098734
잠실철교남단-16,37.528573,127.098898
올_60-14,37.516876,127.081348
잠실철교남단경관-43,37.528608,127.098966
올_64-37,37.527578,127.107209
잠실대교북단_02-30,37.52632,127.08987
잠실철교북단경관-28,37.528609,127.098638
올_59-35,37.516582,127.081208
올_65A-38,37.527671,127.106991
잠실철교남단경관-44,37.528697,127.098911
잠실철교북단경관-92,37.528687,127.0986
올_64-56,37.527797,127.106854
잠실대교북단경관-32,37.526467,127.089925
잠실철교남단경관-45,37.528773,127.098859
잠실철교북단경관-91,37.528758,127.098553
올_66-05,37.527646,127.107581
올_60-41,37.517053,127.081109
잠실철교북단경관-47,37.528822,127.098512
올_59-04,37.516745,127.080972
잠실철교남단경관-46,37.528864,127.098805
잠실대교북단_02-28,37.526553,127.089728
잠실대교북단경관-09,37.526599,127.089819
잠실대교북단_01-29,37.526648,127.089914
잠실철교북단경관-10,37.52889,127.09847
잠실철교남단-500,37.528932,127.098495
잠실철교남단경관-47,37.528949,127.098748
올_60-15,37.516902,127.080875
올_64-38,37.527869,127.107494
올_65A-37,37.527954,127.107291
잠실철교남단-501,37.52898,127.098679
잠실철교북단경관-29,37.52898,127.098406
올_59-34,37.516605,127.080694
잠실철교남단경관-48,37.529039,127.098691
올_66-06,37.527893,127.107729
잠실대교북단_01-27,37.526831,127.089808
잠실대교북단경관-31,37.526776,127.089685
잠실철교북단경관-64,37.529056,127.098358
올_64-55,37.528132,127.107163
잠실철교남단경관-49,37.529135,127.098631
잠실철교북단경관-90,37.529124,127.09831
올_60-42,37.517079,127.080658
잠실철교북단경관-89,37.529187,127.098274
잠실철교남단경관-50,37.529221,127.098577
올_59-03,37.516791,127.080461
잠실대교북단_02-26,37.526867,127.089454
잠실대교북단경관-08,37.526926,127.089574
잠실철교북단경관-46,37.529251,127.098236
올_66-07,37.528097,127.107933
잠실철교남단경관-51,37.529309,127.098522
잠실대교북단_01-25,37.527033,127.08962
올_60-16,37.51694,127.080394
잠실철교북단경관-09,37.529311,127.098195
올_64-39,37.528189,127.107805
올_65A-36,37.528268,127.107598
탄천1교-12,37.501903,127.085765
잠실철교북단-15,37.529362,127.098219
탄천1교-13,37.50175,127.085925
잠실철교남단경관-52,37.529391,127.098461
올_66-09,37.52815,127.108116
잠실철교북단경관-30,37.529375,127.098152
올_65A-25,37.528364,127.10748
올림픽대교남단-507,37.528401,127.107423
잠실철교북단-18,37.52942,127.098398
잠실대교북단경관-30,37.527083,127.089447
올_59-33,37.516636,127.080172
성내교-09,37.523405,127.116109
잠실철교북단경관-65,37.529441,127.098108
올_66-10,37.528189,127.108258
잠실철교남단경관-53,37.529485,127.098406
올_60-43,37.517094,127.080172
잠실철교북단경관-88,37.529503,127.098072
올_66-11,37.52822,127.108396
잠실대교북단_02-24,37.527142,127.089277
잠실대교북단_01-23,37.52725,127.089492
올_66-08,37.528319,127.108142
잠실철교남단경관-54,37.529574,127.098349
잠실대교북단경관-07,37.527221,127.089345
잠실철교북단경관-87,37.529555,127.098033
올_66-12,37.528253,127.108536
올림픽대교남단-514,37.528599,127.107561
올_59-02,37.516817,127.079939
잠실철교북단경관-45,37.52962,127.097996
성내교-01,37.523377,127.116461
올_65A-35,37.528533,127.107865
잠실철교남단경관-55,37.529666,127.098292
올_66-13,37.528278,127.108688
올_60-17,37.516986,127.079918
잠실철교북단경관-08,37.529672,127.097955
올_64-40,37.528505,127.1081
탄천1교-14,37.501467,127.085643
성내교-08,37.523693,127.11629
잠실대교북단_01-21,37.527407,127.089329
올_66-14,37.528298,127.108842
잠실대교북단경관-29,37.527374,127.089229
올_65A-24,37.528677,127.107738
잠실철교남단경관-56,37.529758,127.098235
잠실철교북단-14,37.529739,127.09798
잠실철교북단-19,37.529765,127.098178
잠실철교북단경관-31,37.529747,127.09792
올_66-15,37.528299,127.109004
올_59-32,37.516693,127.079669
올_66-25,37.528547,127.108377
탄천1교-11,37.501497,127.085425
잠실철교북단경관-66,37.529809,127.097873
잠실철교남단경관-57,37.529847,127.098174
올_66-16,37.528298,127.109153
올_66-17,37.528278,127.109301
올림픽대교남단-520,37.528838,127.107678
올림픽대교남단-530,37.527786,127.110513
올_60-44,37.517151,127.079692
잠실철교북단경관-86,37.52987,127.097838
올림픽대교남단-524,37.527638,127.110858
잠실대교북단_02-22,37.527449,127.089005
올_66-18,37.528248,127.109459
잠실대교북단경관-06,37.52752,127.089116
올림픽대교남단-562,37.527482,127.111239
올_66-19,37.528217,127.1096
잠실철교남단경관-58,37.529932,127.098124
잠실철교북단경관-85,37.529919,127.09781
잠실대교북단_01-19,37.527609,127.089212
성내교-07,37.523928,127.116432
성내교-02,37.523732,127.116666
잠실철교북단경관-44,37.529971,127.097777
올림픽대교남단-518,37.527347,127.111691
올_59-01,37.516872,127.079467
잠실철교남단경관-59,37.530019,127.098066
올_65A-34,37.528857,127.108126
올림픽대교남단-536,37.528053,127.11031
올_64-41,37.528801,127.108394
올_60-18,37.517049,127.079445
잠실철교북단경관-07,37.530027,127.097738
올_66-26,37.528756,127.108569
잠실대교북단경관-28,37.527668,127.088999
올_59-31,37.516732,127.079314
탄천1교-15,37.5012,127.085318
잠실철교남단경관-60,37.530095,127.098019
잠실대교북단_01-512,37.527733,127.089084
올림픽대교남단-542,37.528328,127.109863
잠실철교북단-20,37.530109,127.097959
올림픽대교남단-561,37.529085,127.107744
잠실철교북단경관-32,37.530092,127.097693
올_65A-23,37.529017,127.107995
잠실철교북단-13,37.53011,127.097743
올림픽대교남단-500,37.528019,127.110708
올림픽대교남단-503,37.527877,127.111016
탄천1교-10,37.501263,127.085081
잠실철교남단경관-61,37.530175,127.097965
잠실철교북단경관-67,37.530155,127.097647
올림픽대교남단-506,37.527729,127.111399
성내교-06,37.524159,127.116577
잠실대교북단경관-05,37.527771,127.088921
잠실대교북단_02-20,37.527728,127.088827
올림픽대교남단-548,37.528591,127.109476
올림픽대교남단-512,37.527594,127.111807
올_60-45,37.517209,127.079228
잠실철교북단경관-84,37.530225,127.097615
잠실철교남단경관-62,37.530259,127.09791
올_66-27,37.528936,127.108752
성내교-03,37.524046,127.116861
올림픽대교남단-526,37.529277,127.107777
잠실철교북단경관-83,37.530283,127.09758
올_59-30,37.516716,127.078997
올_65A-33,37.529129,127.108336
올림픽대교남단-554,37.528895,127.109106
잠실철교남단경관-63,37.53035,127.097854
잠실철교북단경관-43,37.53033,127.097547
잠실대교북단경관-27,37.527921,127.088802
올_64-42,37.529085,127.108664
성내교-05,37.524376,127.116708
올_60-19,37.517103,127.078983
잠실철교북단경관-06,37.530393,127.097503
잠실철교남단경관-64,37.530437,127.097802
잠실대교북단경관-04,37.527997,127.088743
잠실철교북단-21,37.530448,127.097741
잠실철교북단-12,37.530431,127.097539
잠실대교북단_01-509,37.528064,127.088867
올_65A-22,37.529331,127.108206
잠실대교북단_01-01,37.528116,127.088956
올_58-01,37.517372,127.078977
올_66-20,37.528819,127.109676
잠실철교북단경관-33,37.530454,127.097465
올림픽대교남단-532,37.529498,127.107769
올림픽대교남단-555,37.529182,127.108762
올_66-28,37.529133,127.108941
탄천1교-16,37.500926,127.084877
잠실대교북단_02-18,37.528005,127.088577
잠실철교남단경관-65,37.530525,127.097743
올_59-29,37.516701,127.078693
잠실철교북단경관-82,37.530515,127.097428
탄천1교-09,37.501009,127.084677
송파지하차도-24,37.499134,127.112806
송파지하차도-01,37.499019,127.112602
잠실대교북단경관-26,37.528112,127.088659
성내교-04,37.524352,127.117048
잠실철교북단경관-81,37.530564,127.097397
잠실철교남단경관-66,37.530615,127.097686
올_59-26,37.516874,127.078632
올_60-46,37.517286,127.078729
잠실철교북단경관-68,37.530611,127.097366
올림픽대교남단-549,37.529451,127.108494
올림픽대교남단-538,37.529697,127.107727
올_66-21,37.529084,127.109569
올_58-02,37.517508,127.078753
잠실대교북단경관-25,37.52819,127.088597
올_65A-32,37.529457,127.108557
올_57-18,37.517018,127.07857
탄천1교-17,37.500759,127.084744
잠실철교남단경관-67,37.530703,127.09763
잠실철교북단경관-42,37.530674,127.097328
강_48-44,37.528328,127.08877
강_46-86,37.528053,127.088199
잠실대교북단_02-1,37.528154,127.088397
올_66-29,37.529312,127.109122
강_46-85,37.527922,127.08791
강_48-43,37.528602,127.089313
잠실대교북단_01-02,37.52846,127.088986
잠실대교북단_02-16,37.52821,127.088459
잠실대교북단경관-03,37.528265,127.088537
올_59-28,37.516683,127.078396
강_46-84,37.5278,127.087609
잠실철교북단경관-05,37.530739,127.097289
잠실철교남단경관-68,37.530782,127.097575
탄천1교-26,37.500984,127.084282
올_60-20,37.517185,127.078477
잠실대교북단_01-505,37.528357,127.08861
강_48-42,37.528892,127.089796
잠실철교북단-22,37.530795,127.09752
잠실철교북단-11,37.530786,127.097312
올림픽대교남단-543,37.529723,127.108214
강_46-83,37.527696,127.087277
올림픽대교남단-544,37.529904,127.107649
올_65A-21,37.529684,127.108408
잠실철교북단경관-34,37.530807,127.097244
잠실대교북단_02-02,37.528204,127.088168
송파지하차도-02,37.498787,127.112815
송파지하차도-23,37.498889,127.113022
강_48_1-45,37.528293,127.088296
강_48_1-46,37.528479,127.088672
강_48_1-47,37.528659,127.089059
올_58-03,37.51765,127.078513
잠실철교남단경관-69,37.530873,127.097523
잠실대교북단경관-24,37.528388,127.088449
올_66-22,37.529354,127.109545
강_46-18,37.528107,127.087884
올_65A-42,37.529515,127.109114
잠실철교북단경관-69,37.530867,127.097198
탄천1교-18,37.500708,127.084397
강_46-82,37.527605,127.086907
강_48-41,37.529229,127.090265
강_48_1-48,37.528895,127.089447
강_47-15,37.52834,127.088237
강_47-14,37.528252,127.088056
강_46-19,37.527938,127.087452
강_47-16,37.52855,127.088655
강_47-13,37.528168,127.087883
강_47-17,37.528665,127.088895
강_47-18,37.528779,127.08914
올_59-25,37.516951,127.078214
강_47_1-12,37.528085,127.087703
잠실철교남단경관-70,37.530953,127.097471
강_47_1-11,37.52801,127.087542
강_47-19,37.528893,127.089356
잠실철교북단경관-80,37.530931,127.097167
강_47_1-06,37.527934,127.087379
잠실대교북단_01-03,37.528812,127.089135
올_66-30,37.529529,127.109331
올_59-27,37.516662,127.078092
올림픽대교남단-537,37.529997,127.107936
잠실대교북단_02-03,37.528232,127.087887
탄천1교-08,37.500812,127.084132
잠실대교북단경관-23,37.528484,127.088377
올림픽대교남단-550,37.530122,127.107534
잠실대교북단_02-04,37.528112,127.087635
올_65A-44,37.529719,127.108896
올_60-47,37.517365,127.078239
강_46-81,37.527522,127.086545
강_48_1-49,37.529201,127.089925
잠실철교북단경관-79,37.530988,127.097132
강_46-20,37.527795,127.086987
올_65A-45,37.529675,127.10912
잠실철교남단경관-71,37.531035,127.097417
강_47_2-42,37.528651,127.08861
강_47_1-43,37.528439,127.088163
강_47_2-20,37.529137,127.08969
강_47_2-41,37.528833,127.088983
강_47_1-44,37.528303,127.087883
잠실대교북단_02-05,37.528042,127.087387
강_47_1-07,37.527964,127.087242
강_47_2-27,37.52956,127.090759
강_47_2-21,37.529201,127.089814
올_57-17,37.517089,127.078101
강_47_2-40,37.52901,127.089356
잠실대교북단_01-04,37.529048,127.089442
올_65A-31,37.529823,127.108773
강_47_2-22,37.529269,127.089959
잠실대교북단_02-14,37.528491,127.088208
강_47_1-45,37.528172,127.087587
잠실대교북단경관-02,37.528552,127.088326
강_47_2-23,37.529326,127.090083
잠실철교북단경관-41,37.531038,127.097098
강_47_2-26,37.529487,127.090489
강_47_2-39,37.529186,127.08972
강_47_2-24,37.529394,127.090226
강_48-40,37.529593,127.090742
강_47_2-25,37.52945,127.090346
잠실대교북단_01-501,37.528644,127.088424
강_47_1-46,37.528056,127.087276
올림픽대교남단-556,37.530277,127.107426
강_47_1-05,37.527856,127.086914
강_47_2-38,37.529383,127.090113
올_58-04,37.517718,127.078213
잠실대교북단_01-05,37.529155,127.089529
잠실철교남단경관-72,37.531121,127.097362
강_47_2-28,37.52974,127.091022
강_47-72,37.52922,127.089651
잠실철교북단경관-04,37.531095,127.097064
잠실대교북단_02-06,37.528001,127.087118
송파지하차도-03,37.498544,127.113024
송파지하차도-22,37.498653,127.113241
올림픽대교남단-531,37.530259,127.107673
올_66-23,37.529645,127.109585
강_47_1-47,37.527942,127.086957
강_48_1-50,37.529541,127.090371
잠실대교북단경관-22,37.52864,127.088252
강_46-80,37.527473,127.086131
잠실철교북단-10,37.531143,127.097084
강_47_1-04,37.527756,127.08658
강_46-21,37.527693,127.086459
강_47_1-61,37.529083,127.089148
올_60-21,37.517275,127.077962
강_47_1-08,37.528022,127.087006
올_65A-20,37.53004,127.108574
강_47_2-37,37.529626,127.090476
잠실철교북단경관-35,37.531166,127.09702
강_47_2-29,37.529922,127.091278
강_47_1-62,37.529236,127.089453
잠실철교남단경관-73,37.531208,127.097307
잠실대교북단_01-513,37.529018,127.08894
강_47_1-59,37.528814,127.088485
강_47_1-63,37.529375,127.089747
탄천1교-19,37.500526,127.084046
강_47_1-60,37.528965,127.08879
강_47_1-48,37.527839,127.086612
잠실철교북단-23,37.531221,127.09725
강_47_1-58,37.52861,127.088033
잠실대교북단_02-07,37.528055,127.086977
강_48-39,37.529938,127.091234
강_47_1-57,37.528466,127.087722
강_47_1-03,37.527642,127.08624
강_47_1-64,37.529511,127.090012
잠실대교북단경관-21,37.528728,127.088186
강_47_1-56,37.528327,127.0874
잠실대교북단_01-511,37.529104,127.088974
잠실철교북단경관-70,37.531239,127.096969
올_65A-43,37.529846,127.109435
강_47-73,37.529414,127.089683
강_47_2-36,37.529843,127.090776
강_48_1-51,37.529871,127.090849
잠실철교남단경관-74,37.531295,127.097251
강_47_1-02,37.527521,127.085923
올림픽대교남단-525,37.530499,127.107426
강_47_1-55,37.528192,127.087056
강_47_2-30,37.530113,127.091519
올_59-24,37.517038,127.077746
강_47_1-49,37.527753,127.086244
올림픽대교남단-01,37.530466,127.107672
잠실철교북단경관-78,37.531302,127.096929
잠실대교북단경관-01,37.528797,127.088134
강_47-65,37.529602,127.089966
강_47-66,37.529741,127.090325
올_58-05,37.517781,127.077902
잠실대교북단_02-12,37.52876,127.088033
강_47_1-09,37.52812,127.086798
잠실대교북단_01-515,37.528866,127.088223
강_47_1-54,37.528065,127.086699
올_60-48,37.517458,127.077782
탄천1교-07,37.500659,127.083602
잠실철교남단경관-75,37.531374,127.097201
올_66-24,37.529882,127.109671
강_47_1-01,37.527411,127.085563
잠실대교북단_01-508,37.529287,127.089059
잠실철교북단경관-77,37.531361,127.0969
강_47_2-31,37.530295,127.091774
송파지하차도-04,37.498313,127.113231
강_47_2-35,37.53009,127.09112
올_57-16,37.517173,127.077646
강_48-38,37.530282,127.091689
강_47-67,37.529947,127.090665
송파지하차도-21,37.498419,127.113459
강_46-79,37.527436,127.085544
강_46-22,37.527618,127.085807
강_47_1-53,37.527938,127.086327
강_47_1-50,37.527686,127.085893
강_48-52,37.53022,127.091374
잠실철교북단경관-40,37.531407,127.096857
올_65A-30,37.530163,127.109066
올림픽대교남단-02,37.530614,127.107581
강_47-74,37.529604,127.0896
잠실철교남단경관-76,37.531466,127.097143
올림픽대교남단-560,37.530762,127.107164
강_47-83,37.529567,127.089456
강_48-01,37.530496,127.09203
강_46_1-60,37.527342,127.085223
잠실철교북단경관-03,37.531472,127.096812
강_47-68,37.530187,127.091
강_47_2-104,37.528035,127.086273
강_47_2-34,37.53036,127.091473
강_47_2-103,37.528144,127.08644
강_47_1-52,37.527846,127.08594
탄천1교-20,37.500425,127.08358
강_47_1-10,37.528291,127.086678
올림픽대교남단-16,37.530378,127.108773
올_60-22,37.517364,127.077502
잠실철교북단-09,37.531522,127.096842
강_47_2-105,37.527951,127.086074
잠실철교남단경관-77,37.531559,127.097079
올_65A-19,37.530421,127.108728
잠실대교북단_01-11,37.528878,127.087714
잠실철교북단경관-36,37.531546,127.096768
올림픽대교남단-03,37.530779,127.107546
강_48-37,37.530615,127.092122
강_46-26,37.527615,127.085454
강_47_2-102,37.528292,127.086566
잠실대교북단_01-507,37.529487,127.088948
강_47-84,37.529612,127.089237
올_67-01,37.530055,127.109915
강_47_2-106,37.527893,127.085845
잠실대교북단_01-12,37.528829,127.087498
강_48-02,37.530714,127.092292
강_47-69,37.530416,127.091289
올림픽대교남단-519,37.531002,127.106919
올_58-06,37.517862,127.077526
잠실철교북단-24,37.531635,127.096984
강_46_1-59,37.527326,127.084903
강_47_2-33,37.53058,127.09176
장_05-14,37.496344,127.090797
강_47-75,37.52974,127.0894
잠실철교남단경관-78,37.53165,127.097028
장_05-15,37.496226,127.091136
장_05-16,37.496121,127.091457
장_05-13,37.496448,127.090489
올_65A-46,37.530201,127.109668
잠실철교북단경관-71,37.531622,127.096731
장_05-12,37.496554,127.09018
송파지하차도-05,37.498096,127.11345
강_48-53,37.530634,127.091889
장_05-17,37.495999,127.091811
송파지하차도-20,37.498197,127.113653
올_59-23,37.517127,127.077271
장_05-18,37.495891,127.092139
강_47_1-51,37.52779,127.085552
장_05-11,37.496656,127.089854
강_46-78,37.527397,127.084928
강_46-23,37.527574,127.085191
장_05-19,37.495781,127.09247
장_05-10,37.496768,127.08953
성내유수지교-01,37.52531,127.117967
탄천1교-06,37.500543,127.083125
강_47_2-101,37.528478,127.08663
장_05-09,37.496879,127.0892
장_05-20,37.49566,127.092818
올림픽대교남단-15,37.530552,127.108827
올_60-49,37.517536,127.077323
강_47-85,37.529676,127.089046
장_05-21,37.495556,127.093148
잠실대교북단_01-13,37.528877,127.087312
잠실대교북단_01-521,37.529231,127.088021
장_05-08,37.496993,127.088869
잠실철교북단경관-76,37.531703,127.096677
강_46-01,37.527852,127.085505
강_48-03,37.530916,127.09256
잠실철교남단경관-79,37.531743,127.096965
강_47-70,37.530631,127.091568
올림픽대교남단-04,37.530952,127.107586
잠실대교북단_01-504,37.529622,127.088842
장_05-62,37.49615,127.091008
장_05-22,37.495443,127.093482
장_05-34,37.496382,127.090319
장_05-07,37.497104,127.08854
올_57-15,37.517271,127.077175
장_05-35,37.496457,127.09009
강_47_2-32,37.53081,127.092064
올_65A-29,37.53051,127.109171
강_48-36,37.530937,127.092503
강_46-27,37.527569,127.084993
장_05-36,37.496536,127.089857
강_46_1-58,37.527307,127.084597
장_05-23,37.495333,127.093819
장_05-06,37.497217,127.088212
장_05-48,37.498057,127.086558
잠실철교북단경관-75,37.53177,127.096637
올림픽대교남단-513,37.531246,127.106669
강_47-76,37.529823,127.089131
잠실대교북단_01-07,37.529287,127.087894
장_05-05,37.497333,127.087878
장_05-47,37.497869,127.086828
잠실철교남단경관-80,37.531829,127.096912
장_05-24,37.495213,127.094167
강_47_2-100,37.528664,127.086664
잠실대교북단_01-14,37.528952,127.087164
강_47-86,37.529754,127.088846
장_05-49,37.498182,127.086208
장_05-37,37.496556,127.089562
잠실대교북단_01-503,37.529674,127.088651
잠실철교북단경관-39,37.531827,127.096593
탄천1교-21,37.500276,127.083154
강_48-04,37.531118,127.092798
장_05-04,37.497448,127.087533
올림픽대교남단-14,37.530716,127.108884
성내유수지교-02,37.525252,127.118341
강_47-71,37.530856,127.091828
장_05-38,37.496664,127.089251
가락지하차도-16,37.495821,127.108658
장_05-25,37.495092,127.094528
가락지하차도-17,37.495723,127.108339
잠실대교북단_01-08,37.529234,127.087653
가락지하차도-15,37.495962,127.109123
가락지하차도-18,37.495619,127.108005
강_48-54,37.53104,127.092412
가락지하차도-14,37.49605,127.109421
장_05-41,37.49702,127.088371
올_60-23,37.517452,127.077052
장_05-39,37.496774,127.088927
가락지하차도-13,37.496144,127.109736
가락지하차도-19,37.495505,127.107669
장_05-46,37.497667,127.087022
올림픽대교남단-05,37.531103,127.10769
가락지하차도-20,37.495414,127.107348
잠실철교남단경관-81,37.53191,127.096857
가락지하차도-12,37.496255,127.110073
올_58-07,37.517933,127.077171
장_05-03,37.497569,127.087184
강_46_1-57,37.527277,127.084286
장_05-40,37.496881,127.08862
잠실대교북단_01-09,37.529474,127.088049
강_46-02,37.527792,127.085021
장_05-26,37.494968,127.094896
장_05-42,37.497127,127.088055
잠실철교북단경관-02,37.531896,127.096557
잠실철교북단-08,37.531902,127.096599
가락지하차도-11,37.496356,127.11041
장_05-50,37.498292,127.085843
송파지하차도-06,37.497858,127.113671
강_46-24,37.527536,127.084598
잠실대교북단_01-15,37.529061,127.087123
강_47-77,37.529887,127.088872
잠실대교북단_01-10,37.529605,127.088229
장_06-60,37.497978,127.086326
올림픽대교남단-508,37.531463,127.106455
잠실대교북단_01-500,37.529696,127.088422
송파지하차도-19,37.497945,127.113887
장_05-43,37.497233,127.087732
강_47_2-99,37.528847,127.086696
장_05-45,37.497491,127.087208
올_65A-47,37.530521,127.109798
강_46-77,37.52735,127.084282
올_67-02,37.530427,127.110065
장_05-02,37.497684,127.086828
강_48-05,37.5313,127.093046
강_48-35,37.531242,127.092816
장_05-27,37.494849,127.095258
올_65A-18,37.530806,127.108986
강_46-28,37.527541,127.084533
강_47-87,37.529831,127.088651
잠실철교남단경관-82,37.531996,127.096806
잠실철교북단경관-37,37.531964,127.096518
장_05-44,37.497339,127.087429
올림픽대교남단-13,37.530874,127.108876
올_59-22,37.517213,127.076827
성내유수지교-24,37.525635,127.118178
장_05-51,37.498405,127.085477
잠실철교북단-25,37.532022,127.096737
장_06-61,37.49811,127.085941
장_05-01,37.497808,127.086455
장_05-28,37.494725,127.095627
강_46_1-56,37.527244,127.083994
가락지하차도-05,37.495654,127.108736
탄천1교-05,37.500388,127.082686
가락지하차도-06,37.495795,127.109195
강_48_1-85,37.531127,127.092083
가락지하차도-04,37.495551,127.10841
가락지하차도-07,37.495891,127.109492
올림픽대교_중-07,37.531435,127.107002
올림픽대교_중-08,37.531399,127.107163
가락지하차도-03,37.495443,127.108073
가락지하차도-02,37.495354,127.107755
가락지하차도-08,37.495987,127.109805
올림픽대교남단-06,37.531228,127.107862
올림픽대교_중-06,37.531485,127.106855
잠실철교북단경관-72,37.532034,127.096476
올_60-50,37.51763,127.076866
가락지하차도-01,37.495254,127.107417
올림픽대교_중-09,37.53137,127.10737
가락지하차도-09,37.496093,127.110142
잠실대교북단_01-16,37.529218,127.087118
잠실철교남단경관-83,37.532084,127.096749
성내유수지교-03,37.525228,127.118734
올림픽대교_중-05,37.531548,127.106706
가락지하차도-10,37.496197,127.11048
강_47_2-98,37.529031,127.086726
장_05-29,37.494601,127.096
장_06-62,37.49823,127.085575
잠실대교북단_01-17,37.529302,127.087215
장_05-52,37.498522,127.08509
강_47-78,37.529957,127.088601
올림픽대교남단-12,37.531006,127.108828
올림픽대교_중-10,37.531363,127.107588
강_47-94,37.529119,127.086841
올림픽대교_중-04,37.531609,127.106593
강_46-03,37.527748,127.084548
올림픽대교남단-504,37.531695,127.106219
잠실대교북단_01-520,37.529571,127.087716
강_48-06,37.531522,127.093265
잠실철교북단경관-74,37.532098,127.096433
올_57-14,37.517363,127.076701
강_47-88,37.529913,127.088434
올_65A-28,37.530885,127.10929
강_47-89,37.529848,127.088287
강_48-34,37.531524,127.093144
올림픽대교_중-500,37.53168,127.106472
잠실철교남단경관-84,37.532165,127.0967
올림픽대교남단-07,37.531291,127.108073
올림픽대교_중-11,37.531374,127.10778
탄천1교-22,37.50017,127.082717
장_05-30,37.494479,127.096362
올_58-08,37.518002,127.076837
장_06-63,37.498354,127.08522
강_46-29,37.527512,127.084096
장_06-59,37.497765,127.0862
잠실대교북단_01-06,37.529494,127.087421
올림픽대교남단-11,37.53111,127.108755
강_46_1-55,37.527227,127.083682
강_48_1-86,37.531358,127.092335
잠실철교북단경관-73,37.532163,127.096399
강_48-55,37.531515,127.092906
올_57-38,37.517008,127.076518
장_05-53,37.498635,127.084714
올_65A-17,37.531047,127.109043
성내유수지교-23,37.525592,127.118572
강_47-93,37.52936,127.087074
강_47-90,37.529804,127.087981
올림픽대교_중-02,37.53177,127.106346
올림픽대교_중-12,37.531392,127.107956
올림픽대교남단-08,37.531303,127.108274
강_47-92,37.529533,127.087375
올림픽대교남단-10,37.531197,127.108645
잠실철교남단경관-85,37.532234,127.096651
강_47-91,37.52971,127.087718
장_05-31,37.494361,127.096716
장_06-58,37.497898,127.08582
올_60-24,37.517538,127.076598
강_46-25,37.527483,127.083912
장_06-64,37.498476,127.084857
올림픽대교남단-09,37.531274,127.108485
잠실철교북단-07,37.532228,127.096392
강_46-76,37.527306,127.083646
잠실철교북단경관-38,37.532226,127.096347
강_47-79,37.530027,127.088342
올림픽대교_중-01,37.531856,127.106244
강_47-95,37.529356,127.086859
올림픽대교_중-13,37.531428,127.108127
장_05-54,37.498755,127.084329
잠실철교남단경관-86,37.532306,127.096606
장_05-32,37.494255,127.09706
수서IC_02-19,37.494447,127.09554
올림픽대교남단-501,37.531953,127.10596
장_06-57,37.49802,127.085439
잠실철교북단경관-01,37.532288,127.096314
성내유수지교-04,37.525237,127.119132
올_67-03,37.530815,127.110154
올_59-21,37.517288,127.076407
수서IC_02-18,37.494328,127.096164
강_46_1-54,37.527208,127.083366
강_46-04,37.527701,127.084036
장_06-65,37.498607,127.084475
강_48-33,37.531811,127.093475
강_48_1-87,37.5316,127.092596
올_65A-48,37.530977,127.109797
탄천교-08,37.494194,127.103195
탄천1교-04,37.500272,127.082222
잠실철교남단경관-87,37.532378,127.096559
잠실철교북단-26,37.532376,127.096514
장_06-56,37.498146,127.085073
장_05-33,37.494123,127.09739
장_05-55,37.498861,127.083974
강_47-80,37.530093,127.088084
올_60-51,37.517719,127.07642
성내유수지교-22,37.525587,127.118941
수서IC_02-20,37.49428,127.095837
올림픽대교_중-14,37.531503,127.108348
강_48-84,37.531845,127.093234
올_58-09,37.518036,127.076494
장_06-66,37.498731,127.084105
올_57-37,37.517178,127.07624
강_48-07,37.531991,127.093837
강_46-30,37.527482,127.083535
올_65A-16,37.531298,127.109099
수서IC_02-17,37.494141,127.096723
탄천교-09,37.494061,127.102749
올_65A-27,37.531231,127.109397
장_06-55,37.498269,127.084718
강_47-96,37.529596,127.086896
잠실대교북단_01-519,37.529781,127.087235
강_48-56,37.531955,127.093412
강_46_1-53,37.527203,127.083062
장_05-56,37.493993,127.097731
잠실대교북단_01-518,37.529892,127.087427
장_06-67,37.498965,127.083622
강_48_1-88,37.531856,127.092883
탄천1교-23,37.50001,127.082282
송파지하차도-07,37.497362,127.11412
송파지하차도-18,37.497467,127.114321
올_57-13,37.517467,127.076197
올림픽대교_중-514,37.532261,127.105628
강_48-32,37.532095,127.093778
탄천교-10,37.493914,127.102278
장_06-54,37.498381,127.084375
잠실철교북단-06,37.532525,127.096201
강_47-81,37.530158,127.087813
올림픽대교_중-15,37.531601,127.108563
강_46-75,37.527297,127.08304
올_60-25,37.517622,127.076177
수서IC_02-21,37.494076,127.096132
강_46-05,37.527667,127.083519
강_48-83,37.532059,127.093441
수서IC_02-31,37.49419,127.095308
수서IC_02-16,37.49393,127.097328
장_05-57,37.493864,127.098055
잠실대교북단_01-517,37.529872,127.08713
성내유수지교-05,37.525288,127.119547
탄천교-07,37.493959,127.103497
장_06-68,37.499065,127.083281
강_48-08,37.532243,127.094081
잠실대교북단_01-516,37.530021,127.087368
강_46_1-52,37.527195,127.082772
강_47-97,37.529835,127.086951
장_06-53,37.498505,127.084012
올_58-10,37.518029,127.076181
탄천교-11,37.493768,127.101795
올_67-04,37.531186,127.110217
성내유수지교-21,37.525624,127.119342
수서IC_02-43,37.493847,127.09721
올_57-36,37.517346,127.075952
강_48-89,37.532112,127.093151
올_65A-49,37.531321,127.109885
강_46-31,37.527469,127.083017
올_65A-15,37.531568,127.109168
탄천교-06,37.493817,127.103035
장_05-58,37.493727,127.098376
강_48-57,37.532271,127.093729
잠실철교북단-27,37.532704,127.096308
장_06-69,37.499167,127.082951
강_48-82,37.532262,127.093639
올림픽대교_중-16,37.53173,127.108771
강_48-31,37.53237,127.094084
장_06-52,37.498641,127.083614
탄천1교-03,37.500107,127.081747
올_60-52,37.517802,127.075988
수서IC_02-22,37.493842,127.096427
올림픽대교_중-517,37.532553,127.105337
수서IC_02-32,37.493917,127.095726
올_65A-26,37.531552,127.109501
강_48-09,37.532472,127.094345
탄천교-12,37.493615,127.101302
강_46_1-51,37.527188,127.082477
탄천교-05,37.493668,127.102563
수서IC_02-15,37.49365,127.09784
송파지하차도-08,37.497108,127.11436
장_05-59,37.493592,127.098692
강_46-06,37.527643,127.083007
송파지하차도-17,37.497205,127.114546
장_06-70,37.499263,127.082624
강_46-32,37.52747,127.082775
강_48-90,37.532317,127.093356
수서IC_02-42,37.493715,127.096813
탄천1교-24,37.4999,127.081813
장_06-51,37.498768,127.083235
성내유수지교-06,37.52536,127.119894
강_46_1-61,37.527613,127.082877
강_48-81,37.532477,127.09387
잠실철교북단-05,37.53284,127.095997
올_58-11,37.518021,127.075874
올림픽대교_중-17,37.531862,127.108913
장_06-39,37.497887,127.084421
강_46-74,37.527243,127.082335
수서IC_02-25,37.493608,127.097164
탄천교-13,37.493467,127.100809
탄천교-04,37.493518,127.102095
올_57-12,37.51757,127.075687
수서IC_02-26,37.493542,127.097719
장_06-71,37.49937,127.082281
강_48-58,37.53258,127.094061
성내유수지교-20,37.525688,127.119719
장_05-60,37.493452,127.099032
강_48-30,37.53265,127.094373
올_56-01,37.517716,127.075696
강_48-10,37.5327,127.094614
올_57-35,37.517418,127.075599
장_04-31,37.49342,127.0998
장_06-50,37.498892,127.082855
강_46_1-50,37.527186,127.082164
장_04-32,37.493417,127.099456
수서IC_02-23,37.493597,127.096657
올림픽대교_중-520,37.532824,127.105055
올_65A-14,37.531854,127.109253
올_65A-50,37.531628,127.109957
강_48-91,37.532526,127.093555
강_46-33,37.527468,127.082473
장_06-38,37.49799,127.084076
장_04-30,37.493368,127.100165
잠실철교북단-28,37.532996,127.096127
수서IC_02-33,37.493614,127.096046
올_67-05,37.531588,127.11025
강_48-80,37.532689,127.094083
장_04-33,37.493345,127.099104
장_06-72,37.499473,127.081947
탄천교-03,37.493352,127.101568
수서IC_02-14,37.49337,127.098295
강_46-73,37.527249,127.082056
탄천교-14,37.493305,127.100305
장_06-49,37.499019,127.082478
올림픽대교_중-18,37.532015,127.109063
탄천1교-02,37.499991,127.081284
장_06-36,37.498278,127.083454
장_06-37,37.498095,127.083717
수서IC_02-38,37.493509,127.096324
송파지하차도-09,37.496872,127.114566
송파지하차도-16,37.496976,127.114756
강_46-07,37.527643,127.082487
올_67A-30,37.531915,127.109482
수서IC_02-27,37.493337,127.098056
강_46_1-49,37.52719,127.081869
올_58-12,37.518064,127.075555
강_48-92,37.532729,127.093754
강_46-34,37.527478,127.082208
장_04-29,37.493234,127.100483
장_05-61,37.493232,127.099496
장_04-34,37.493251,127.09875
성내유수지교-07,37.525469,127.120294
강_48-29,37.532936,127.09468
강_48-59,37.532885,127.094396
장_06-73,37.499577,127.081603
강_48_1-11,37.532975,127.094844
올_56-22,37.517953,127.075458
탄천1교-25,37.499743,127.081397
탄천교-02,37.493201,127.101076
장_06-48,37.499147,127.082112
장_06-35,37.498368,127.083138
잠실철교북단-04,37.533133,127.095804
올림픽대교_중-523,37.533088,127.104783
강_48-79,37.532897,127.094289
성내유수지교-19,37.525793,127.1201
올림픽대교_중-19,37.532165,127.109158
강_46-72,37.52727,127.081774
올_57-34,37.517488,127.075235
수서IC_02-13,37.493148,127.098739
수서IC_02-24,37.493282,127.096894
장_04-35,37.493159,127.098416
수서IC_02-10,37.493112,127.099695
올_65A-13,37.532139,127.109333
올_65A-51,37.531947,127.109987
강_46-35,37.527488,127.081965
장_04-28,37.493091,127.10079
장_06-34,37.498462,127.082816
장_06-74,37.499688,127.081278
잠실철교북단-01,37.533132,127.095058
올_56-02,37.517806,127.07526
수서IC_02-12,37.493088,127.099054
수서IC_02-11,37.493076,127.099372
잠실철교북단-29,37.533272,127.095954
강_46_1-48,37.527203,127.081577
탄천교-01,37.493057,127.100613
장_06-47,37.499269,127.081724
수서IC_02-34,37.493284,127.096265
강_48_1-12,37.533152,127.095034
수서IC_02-39,37.493245,127.096512
올_57-11,37.51767,127.075173
수서IC_02-28,37.493056,127.098263
강_48-78,37.533111,127.094496
올_58-13,37.518119,127.075256
송파지하차도-10,37.49665,127.114779
장_04-36,37.493059,127.098069
강_48-93,37.53305,127.09408
송파지하차도-15,37.496744,127.114977
장_06-33,37.498553,127.08249
올림픽대교_중-20,37.532314,127.109237
강_46-08,37.52765,127.081955
올림픽대교_중-535,37.533382,127.104247
장_06-75,37.499793,127.080959
올림픽대교_중-529,37.533357,127.104494
수서IC_02-09,37.492965,127.099294
올_67-06,37.53201,127.110277
잠실철교북단-03,37.533367,127.095652
장_06-46,37.499393,127.081365
강_46-71,37.52731,127.08147
강_48-60,37.533227,127.094744
탄천1교-01,37.499838,127.080841
성내유수지교-08,37.525576,127.12066
강_48_1-13,37.533318,127.095199
장_04-27,37.492923,127.101084
장_04-47,37.49289,127.100239
잠실철교북단-02,37.53336,127.095289
올_67A-29,37.532295,127.109595
수서IC_01-16,37.492883,127.100121
수서IC_02-30,37.493012,127.09713
강_46_1-47,37.527227,127.081273
장_04-37,37.492962,127.097718
올_56-23,37.518029,127.075051
성내유수지교-18,37.525897,127.120453
강_48-77,37.533302,127.094693
장_06-32,37.498572,127.082229
장_06-76,37.499908,127.080623
올_65A-12,37.532408,127.109409
수서IC_02-08,37.492851,127.098883
올림픽대교_중-21,37.532462,127.109308
올_57-33,37.517566,127.074846
수서IC_02-40,37.492986,127.096675
장_06-45,37.499514,127.080994
올림픽대교_중-501,37.533577,127.104053
강_48_1-14,37.533468,127.095372
잠실철교북단-30,37.53354,127.095785
강_46-36,37.527518,127.081458
올_67A-01,37.532337,127.109874
올림픽대교_중-511,37.533553,127.104504
강_48-94,37.533349,127.094379
올_58-14,37.518178,127.074947
장_04-38,37.492853,127.097346
올_67A-02,37.5323,127.110094
장_04-26,37.492754,127.101376
강_46-70,37.527348,127.081165
수서IC_02-07,37.492768,127.098484
장_06-31,37.498678,127.08188
올_56-03,37.51789,127.074821
장_04-46,37.492717,127.100585
송파지하차도-11,37.496416,127.11498
수서IC_01-09,37.492718,127.099383
장_06-77,37.500017,127.080281
수서IC_01-17,37.492699,127.099636
송파지하차도-14,37.49651,127.115193
강_46_1-46,37.527254,127.080993
강_48-76,37.533505,127.09491
강_48-61,37.533528,127.095043
수서IC_02-35,37.492905,127.09622
장_06-44,37.499635,127.08064
강_48_1-15,37.533621,127.095532
올림픽대교_중-22,37.532632,127.109384
장_04-11,37.492628,127.099967
수서IC_02-06,37.492691,127.098038
올림픽대교_중-541,37.533776,127.103837
올_57-10,37.517769,127.074671
장_04-10,37.492619,127.099561
장_04-39,37.492754,127.096981
수서IC_01-08,37.492621,127.099003
올림픽대교_중-508,37.533744,127.104308
수서IC_02-05,37.49268,127.097729
강_46-09,37.527691,127.081342
수서IC_02-29,37.492711,127.097289
성내유수지교-09,37.525695,127.121067
장_06-30,37.498786,127.081494
수서IC_02-41,37.492739,127.096841
장_06-78,37.500124,127.079944
성내유수지교-17,37.525996,127.120821
장_04-12,37.492558,127.100336
장_04-09,37.492562,127.099182
장_04-25,37.492584,127.10167
올_65A-11,37.532697,127.109482
장_04-45,37.492552,127.100945
장_06-43,37.499757,127.080285
강_48-75,37.5337,127.095122
수서IC_02-04,37.492636,127.097435
올_67-07,37.532456,127.110325
올_67A-28,37.532662,127.109695
강_48-95,37.53365,127.094695
수서IC_01-07,37.492535,127.09862
강_46_1-45,37.527293,127.080705
올_57-32,37.51764,127.074459
올_56-24,37.518123,127.074592
수서IC_01-18,37.492493,127.099274
장_04-08,37.4925,127.098828
장_04-40,37.492653,127.096637
잠실철교북단-31,37.533871,127.09584
장_06-29,37.498896,127.081111
강_46-69,37.52741,127.080744
송파지하차도-12,37.49619,127.115181
강_48-62,37.533829,127.09536
올림픽대교_중-547,37.534,127.103612
송파지하차도-13,37.496293,127.115391
올림픽대교_중-507,37.533947,127.1041
강_46-37,37.52758,127.08091
수서IC_01-06,37.492468,127.098278
올림픽대교_경관-01,37.534,127.103726
장_06-79,37.500235,127.079582
강_48_1-16,37.533927,127.095848
장_04-13,37.492411,127.10072
장_06-42,37.499878,127.079921
장_04-07,37.492432,127.098456
수서IC_02-03,37.492551,127.09684
강_48-74,37.533888,127.095346
장_04-44,37.49238,127.1013
장_04-24,37.492404,127.101985
올_67A-03,37.532692,127.110151
장_04-41,37.492567,127.096279
올_56-04,37.51798,127.074367
수서IC_02-36,37.492602,127.095926
수서IC_01-10,37.492373,127.098506
수서IC_01-05,37.492398,127.097998
장_06-24,37.499749,127.079931
장_04-06,37.492376,127.0981
장_06-28,37.499004,127.080754
장_06-25,37.499567,127.080112
수서IC_01-04,37.492387,127.097686
강_48-96,37.533932,127.095092
수서IC_02-02,37.492495,127.096416
성내유수지교-16,37.526099,127.121168
성내유수지교-10,37.525803,127.121477
장_06-80,37.500333,127.079237
올_56_1-60,37.518292,127.074344
강_48_1-17,37.534114,127.096048
올림픽대교_중-506,37.534154,127.103888
장_06-23,37.49988,127.079672
장_06-26,37.499357,127.080231
장_04-05,37.492323,127.097755
잠실철교북단-32,37.534132,127.096125
장_04-14,37.492251,127.101082
장_06-41,37.499991,127.079542
장_06-27,37.499152,127.08044
수서IC_01-19,37.49223,127.099016
강_48-73,37.534088,127.095564
올_57-09,37.517875,127.074161
강_48-63,37.534112,127.095681
강_46-10,37.527755,127.080732
수서IC_02-01,37.492448,127.09602
올림픽대교_중-521,37.534261,127.103341
올_57-31,37.517712,127.074077
장_04-04,37.492278,127.097413
강_46-68,37.527468,127.080346
장_04-43,37.4922,127.101673
수서IC_02-37,37.492476,127.095453
강_48-97,37.534114,127.095294
장_04-23,37.492216,127.102304
수서IC_01-15,37.492236,127.097621
수서IC_01-03,37.492289,127.096985
올_67A-27,37.533035,127.109814
올_56-25,37.518205,127.074153
장_06-22,37.499968,127.079373
장_06-81,37.500421,127.078904
강_48_1-18,37.534284,127.096241
올_67-08,37.532897,127.110388
장_04-15,37.492106,127.10142
장_04-03,37.49222,127.097026
강_48-98,37.5342,127.095386
수서IC_01-11,37.492103,127.098694
장_06-40,37.500095,127.079166
수서IC_01-02,37.492231,127.096563
수서IC_01-43,37.492169,127.097197
강_46-38,37.527659,127.080322
올림픽대교_중-524,37.534457,127.103133
올_65A-10,37.533218,127.109625
올림픽대교_중-518,37.534418,127.103612
올_56_1-59,37.518351,127.074038
성내유수지교-15,37.526198,127.121513
강_48-72,37.53434,127.095854
장_04-02,37.492172,127.096662
강_48-64,37.534366,127.095947
장_06-21,37.500052,127.079069
장_04-18,37.492024,127.10204
강_48_1-19,37.534436,127.096398
올_56-05,37.518072,127.0739
성내유수지교-11,37.525874,127.121892
수서IC_01-01,37.492179,127.096174
장_04-22,37.492031,127.102618
장_06-82,37.500508,127.07854
올_67A-04,37.533139,127.110249
장_04-16,37.491947,127.101767
장_04-01,37.492117,127.096305
수서IC_01-20,37.491906,127.09882
강_48-99,37.534459,127.095667
올_57-30,37.517793,127.073675
올림픽대교_중-530,37.534653,127.102924
강_48_1-20,37.534586,127.096557
장_06-20,37.500134,127.078755
올림픽대교_중-515,37.53463,127.1034
강_46-67,37.527584,127.079877
잠실철교북단-33,37.534424,127.095096
수서IC_01-42,37.491919,127.097353
강_48-71,37.534568,127.096111
수서IC_01-14,37.491871,127.097825
강_48-65,37.534596,127.096203
수서IC_01-33,37.492006,127.09619
올_57-08,37.517968,127.073633
장_04-19,37.49185,127.102412
수서IC_01-12,37.491806,127.098545
올_56-26,37.5183,127.073718
강_46-11,37.527849,127.080093
장_06-101,37.500193,127.078582
올_67A-26,37.533402,127.109943
장_04-21,37.491861,127.102901
장_06-83,37.500585,127.078187
성내유수지교-14,37.526286,127.121842
수서IC_01-34,37.491902,127.096731
올_56_1-58,37.518435,127.073712
장_04-17,37.491789,127.102116
강_48_1-21,37.534735,127.096714
성내유수지교-12,37.525905,127.122279
장_06-19,37.500225,127.078428
수서IC_01-32,37.491974,127.095649
강_48-100,37.53466,127.095792
수서IC_01-13,37.491707,127.098172
올_67-09,37.533351,127.110465
올림픽대교_중-512,37.534839,127.103179
올림픽대교_중-536,37.53489,127.102686
강_46-39,37.527756,127.079739
올_56-06,37.518156,127.073473
강_48-70,37.534804,127.096389
강_48_1-22,37.534883,127.096924
수서IC_01-21,37.491603,127.098586
장_04-20,37.491697,127.103173
수서IC_01-35,37.491686,127.097184
수서IC_01-41,37.491656,127.097523
장_06-84,37.500665,127.077811
장_03-01,37.491654,127.102799
올_65A-09,37.533654,127.109833
올_57-29,37.51787,127.073293
장_06-18,37.500317,127.078074
수서IC_01-31,37.491566,127.097968
강_48_1-23,37.534978,127.097081
강_48-101,37.534872,127.096036
강_46-66,37.527667,127.079426
올림픽대교_중-509,37.535036,127.102983
올_56_1-57,37.518527,127.07338
올림픽대교_중-502,37.535063,127.102716
올_56-27,37.518393,127.073305
올_67A-05,37.533617,127.110404
성내유수지교-13,37.525889,127.122716
올_67A-25,37.533754,127.110101
강_48_1-24,37.535118,127.09727
강_48-66,37.535083,127.096741
강_46-12,37.527954,127.079527
장_03-02,37.491484,127.103115
장_06-85,37.500735,127.07743
올_57-07,37.518082,127.073096
장_06-17,37.500412,127.077685
수서IC_01-22,37.49135,127.098678
강_48-102,37.535097,127.096298
수서IC_01-40,37.491382,127.097693
올림픽대교_중-542,37.535251,127.102527
수서IC_01-36,37.491365,127.097577
수서IC_01-30,37.491305,127.098125
강_48_1-25,37.535276,127.097458
강_48-67,37.535244,127.096923
올_56_1-28,37.518375,127.073027
올_67-10,37.533778,127.110645
올_56-07,37.518252,127.07296
올_56_1-56,37.518616,127.073052
강_46-40,37.52788,127.079142
올_57-28,37.517957,127.072847
장_03-03,37.491323,127.103419
장_06-16,37.500495,127.077295
강_48-103,37.535306,127.09646
장_06-86,37.500828,127.076964
강_48_1-26,37.535433,127.097637
강_48-68,37.535397,127.097096
올림픽대교_중-548,37.535484,127.102306
올_65A-08,37.534112,127.110091
강_46-65,37.527811,127.078812
수서IC_01-29,37.491064,127.09826
올_67A-24,37.534103,127.110288
강_48-104,37.535458,127.09663
올_57-06,37.518167,127.072645
장_03-04,37.491146,127.103704
올_67A-06,37.534057,127.110609
강_48-69,37.535561,127.097278
강_49-01,37.535605,127.097819
장_06-15,37.500587,127.076903
강_46-13,37.528093,127.07893
수서IC_01-23,37.490937,127.098685
올_56-55,37.518712,127.072726
올림픽대교_중-525,37.535654,127.102128
수서IC_01-37,37.490953,127.097829
장_06-87,37.500915,127.076536
강_48-105,37.535628,127.096818
올_56-29,37.518441,127.072534
올_57-27,37.518042,127.072404
수서IC_01-28,37.490848,127.098385
강_49-02,37.535771,127.098003
강_49-40,37.535744,127.09747
올_67-11,37.534197,127.11086
장_03-05,37.490956,127.103999
올_56-09,37.51831,127.07239
올림픽대교_중-531,37.535828,127.10194
강_46-41,37.528047,127.078524
장_06-14,37.500675,127.076493
강_48-106,37.535786,127.096996
강_49-41,37.535871,127.097621
장_06-88,37.500991,127.076136
올_56-54,37.518801,127.072389
강_49-03,37.535941,127.09819
올_57-05,37.518261,127.072193
수서IC_01-27,37.490632,127.098504
올_65A-07,37.534519,127.110352
올_67A-23,37.53447,127.110516
강_49-91,37.535912,127.097231
강_46-64,37.52797,127.078222
올림픽대교_중-537,37.536019,127.10176
강_49-42,37.535993,127.097766
수서IC_01-24,37.490561,127.098762
수서IC_01-38,37.490581,127.098096
장_03-06,37.490746,127.104281
올_56_1-30,37.51847,127.072122
올_67A-07,37.534476,127.110855
장_06-13,37.500752,127.076106
강_49-04,37.536093,127.098381
올_57-26,37.518078,127.071979
강_46-14,37.528273,127.078317
강_49-43,37.536119,127.09791
강_49-90,37.536091,127.09744
장_06-89,37.501065,127.075745
수서IC_01-26,37.490411,127.098623
올림픽대교_중-03,37.536242,127.101544
올_56-53,37.518897,127.072041
강_49-44,37.536241,127.098051
강_49-05,37.536275,127.0986
올_67-12,37.534594,127.111124
장_03-07,37.490531,127.10454
강_49-89,37.536272,127.097637
장_06-12,37.500832,127.075688
올_57-04,37.518305,127.071752
올림픽대교북단_02-10,37.536352,127.09852
강_46-42,37.528235,127.077913
올_56-31,37.518481,127.071743
강_49-45,37.536367,127.098187
장_06-90,37.501143,127.075349
수서IC_01-39,37.490224,127.098365
올_67A-22,37.534833,127.110788
올림픽대교_중-543,37.536415,127.101351
강_49-39,37.53641,127.098615
올_56_1-10,37.518341,127.071651
수서IC_01-25,37.490186,127.098772
올_65A-06,37.534903,127.11064
강_49-06,37.536438,127.09883
올_57-25,37.518077,127.071545
강_49-88,37.536452,127.097846
올림픽대교북단_02-09,37.536503,127.098705
강_46-63,37.528158,127.077609
강_49-46,37.5365,127.098331
올_56-52,37.519007,127.071717
올_67A-08,37.534867,127.111139
장_06-11,37.500907,127.075302
강_49-07,37.536583,127.099033
장_03-08,37.490296,127.104794
강_46-15,37.528447,127.077746
장_06-91,37.501214,127.074964
강_49-38,37.536625,127.098868
올림픽대교_중-549,37.536635,127.101134
올_56_1-61,37.518705,127.071483
올_56-63,37.518583,127.071436
강_49-47,37.536643,127.098502
올림픽대교북단_02-08,37.536679,127.0989
강_49-87,37.536644,127.098073
올_56-64,37.518827,127.071455
올_57-03,37.518263,127.071282
올_67-13,37.534969,127.111394
올_56_1-32,37.518485,127.071314
강_49-08,37.536743,127.099227
장_06-10,37.500978,127.07492
강_49-48,37.536789,127.098668
올_56-51,37.51911,127.071383
올_56_1-62,37.518933,127.071325
강_49-37,37.536824,127.099107
올_67A-21,37.535175,127.111083
강_46-43,37.528416,127.077378
올림픽대교북단_01-08,37.536849,127.10089
올_57-24,37.518012,127.071028
장_03-09,37.490066,127.105039
올림픽대교북단_02-07,37.536864,127.099101
올림픽대교북단_02-523,37.536882,127.100534
강_49-86,37.536842,127.098292
장_06-92,37.501298,127.074525
올_65A-05,37.535279,127.110975
강_49-09,37.536902,127.099443
올_56-11,37.518327,127.071006
올_56-33,37.518502,127.071049
강_49-49,37.536936,127.098822
강_46-62,37.528321,127.07705
올림픽대교북단_02-530,37.537004,127.100352
올_67A-09,37.535247,127.111456
올림픽대교북단_02-537,37.537018,127.09933
장_06-09,37.50106,127.074515
올_57-02,37.518201,127.070836
강_49-85,37.537022,127.098492
강_49-10,37.53707,127.099655
강_46-16,37.528636,127.077208
올림픽대교북단_02-555,37.537094,127.100121
강_49-50,37.537079,127.098982
올림픽대교북단_02-543,37.53711,127.099615
올_57-23,37.517985,127.070689
올림픽대교북단_02-549,37.537127,127.099877
장_06-93,37.501381,127.07413
장_03-10,37.489824,127.10526
올_67-14,37.535301,127.111703
올림픽대교북단_02-01,37.537137,127.10092
올림픽대교북단_01-07,37.537157,127.100544
올_56-50,37.519109,127.070933
삼성교-07,37.510656,127.070207
강_49-51,37.537215,127.099137
강_49-84,37.537208,127.098698
올_67A-20,37.535505,127.111397
강_49-11,37.537241,127.099852
장_06-08,37.501142,127.074096
강_46-44,37.5286,127.076857
올_56_1-34,37.5185,127.070616
올림픽대교북단_02-529,37.537307,127.100791
삼성교-06,37.510334,127.070069
강_49-52,37.537345,127.099289
올_57-22,37.517903,127.070354
올_65A-04,37.535677,127.111349
올_57-01,37.518147,127.070388
장_06-94,37.501458,127.073696
강_49-83,37.537384,127.098903
장_03-11,37.489581,127.105479
올_67A-10,37.535565,127.111783
강_49-12,37.537411,127.100053
강_46-61,37.528511,127.076538
강_49-36,37.537418,127.099649
올_56_1-12,37.518336,127.070349
강_49-53,37.537475,127.099442
올_56-49,37.519101,127.070537
올림픽대교북단_01-06,37.537494,127.100194
장_06-07,37.501228,127.073671
올림픽대교북단_02-554,37.537526,127.100655
강_46-17,37.528832,127.076675
올_67-15,37.535616,127.112064
강_49-82,37.53753,127.099036
강_49-80,37.537544,127.099204
올_57-21,37.517767,127.070062
삼성교-08,37.510573,127.069724
강_49-35,37.537598,127.099856
강_49-54,37.537615,127.099599
올_67A-19,37.535814,127.111743
봉은교-11,37.515615,127.069595
장_06-95,37.501548,127.073274
봉은교-12,37.515813,127.069581
강_49_1-13,37.537672,127.100346
장_03-12,37.489333,127.105696
올_57-20,37.517576,127.069853
강_49-81,37.537697,127.099097
올_57-19,37.517281,127.069767
올_56-48,37.519004,127.070197
강_45-74,37.528797,127.076333
강_49-55,37.53774,127.099756
올_56-35,37.518519,127.070018
올림픽대교북단_02-548,37.53775,127.100603
올_55-11,37.518151,127.069917
삼성교-05,37.510245,127.069544
장_06-06,37.501313,127.073242
올_67A-11,37.535866,127.112127
올_65A-03,37.536005,127.11173
강_45-79,37.528678,127.076082
올림픽대교북단_01-05,37.53781,127.099877
강_49-79,37.537854,127.099569
강_49_1-92,37.537847,127.099179
봉은교-10,37.515591,127.069306
강_49_1-14,37.53786,127.100563
봉은교-13,37.515747,127.06929
장_06-96,37.501639,127.07285
강_49-34,37.5379,127.100219
올_56-47,37.518824,127.069908
광평교-16,37.489699,127.108857
올_55-24,37.518014,127.06966
올_67-16,37.53592,127.112413
강_45-70,37.529005,127.076197
올_56-13,37.518351,127.069709
광평교-17,37.489605,127.108679
장_03-13,37.489081,127.105899
올림픽대교북단_02-542,37.537977,127.100628
광평교-18,37.489486,127.108286
삼성교-09,37.510482,127.0692
광평교-39,37.48899,127.105678
올_67A-18,37.536121,127.112096
올_56-46,37.518612,127.069683
장_06-05,37.501403,127.072808
광평교-19,37.489348,127.107856
강_49_1-93,37.538029,127.099163
강_49_1-15,37.538046,127.100776
강_49-78,37.538051,127.099794
올_55-10,37.518163,127.069525
봉은교-09,37.515573,127.069041
강_49-56,37.538082,127.100125
광평교-20,37.489202,127.107398
강_45-75,37.528957,127.075896
올_55-21,37.517769,127.069376
올림픽대교북단_01-04,37.538101,127.099586
봉은교-14,37.51573,127.069011
장_06-97,37.501748,127.072448
광평교-38,37.48889,127.105761
광평교-21,37.489064,127.106974
강_49-33,37.538148,127.100491
삼성교-04,37.510157,127.069044
광평교-14,37.489403,127.108787
올_67A-12,37.536164,127.112481
강_45-80,37.528842,127.075643
광평교-15,37.489459,127.109041
올림픽대교북단_02-536,37.538193,127.100705
광평교-22,37.488938,127.106568
강_49-77,37.538209,127.099972
광평교-13,37.489271,127.108386
강_49_1-94,37.538205,127.09911
올_65A-02,37.536341,127.11211
올_55-23,37.518032,127.069283
장_03-14,37.488826,127.106105
광평교-37,37.488784,127.105839
올_56_1-36,37.518543,127.069385
광평교-43,37.488722,127.105499
강_49_1-16,37.538245,127.101006
광평교-12,37.489131,127.107943
광평교-23,37.488806,127.106144
장_06-04,37.501513,127.072389
광평교-40,37.488724,127.105663
올림픽대교북단_02-522,37.538281,127.099775
봉은교-08,37.515541,127.068757
강_45-71,37.529164,127.075766
광평교-11,37.488994,127.107506
올_67-17,37.536223,127.112757
광평교-41,37.488645,127.105409
강_49-57,37.538322,127.100411
봉은교-15,37.515698,127.068728
장_06-98,37.501872,127.072071
광평교-24,37.488679,127.105757
광평교-42,37.488611,127.105295
올_55-20,37.517981,127.069118
광평교-10,37.488857,127.107081
올림픽대교북단_02-508,37.538363,127.100838
올_55-09,37.51818,127.069123
올_67A-17,37.536395,127.112449
올림픽대교북단_01-03,37.538377,127.09929
강_49_1-95,37.538375,127.099017
삼성교-10,37.510402,127.068709
강_49-92,37.538398,127.100153
광평교-25,37.488544,127.105325
올림픽대교북단_02-528,37.538406,127.09965
광평교-09,37.488728,127.106672
광평교-36,37.488557,127.105654
강_49-32,37.538434,127.100819
강_45-76,37.529105,127.075461
광평교-35,37.488527,127.10557
올_56_1-14,37.518376,127.069059
광평교-34,37.488501,127.105482
강_49_1-17,37.538467,127.101255
강_49-76,37.538483,127.100262
광평교-08,37.488593,127.106255
광평교-26,37.488405,127.104921
장_06-03,37.501649,127.071981
봉은교-07,37.515519,127.068492
장_06-99,37.502022,127.07171
광평교-31,37.488485,127.105699
올_55-22,37.518046,127.068912
광평교-32,37.488459,127.105606
장_03-15,37.48856,127.106316
봉은교-16,37.515676,127.068463
강_45-81,37.528996,127.075216
올림픽대교북단_02-553,37.538535,127.099543
올림픽대교북단_02-514,37.538532,127.101033
강_49_1-96,37.538526,127.098899
올_67A-13,37.536451,127.112822
광평교-33,37.488428,127.105515
강_49-58,37.538554,127.100683
광평교-07,37.488459,127.105845
광평교-48,37.488498,127.10612
광평교-27,37.488276,127.104498
삼성교-03,37.510072,127.068529
광평교-47,37.488441,127.105935
올_65A-01,37.53664,127.112469
광평교-06,37.488331,127.105414
올림픽대교북단_01-02,37.538615,127.099043
강_45-72,37.529303,127.075359
광평교-45,37.488336,127.105615
광평교-49,37.488416,127.106185
광평교-28,37.488151,127.104101
광평교-46,37.488347,127.10577
광평교-44,37.488308,127.105508
올림픽대교북단_02-547,37.538659,127.099435
올_55-19,37.517989,127.068678
올_67-18,37.536507,127.113106
장_06-100,37.502177,127.071371
강_49-31,37.53868,127.101102
장_06-02,37.501794,127.071604
광평교-05,37.488212,127.105012
강_49_1-97,37.538676,127.098742
강_49_1-18,37.538678,127.101497
강_49-75,37.538705,127.100507
봉은교-06,37.515491,127.068221
올_55-08,37.518201,127.068695
올림픽대교북단_02-502,37.538707,127.101225
올림픽대교북단_02-16,37.538727,127.100473
올_68-36,37.536674,127.112774
광평교-29,37.488017,127.103649
봉은교-17,37.515652,127.068191
광평교-50,37.488325,127.106249
광평교-04,37.488088,127.104595
강_49-59,37.538768,127.100937
올_56-37,37.518548,127.068704
삼성교-11,37.510315,127.068224
장_03-16,37.488319,127.106513
올림픽대교북단_02-541,37.538804,127.099378
강_45-77,37.529255,127.075031
장_07-33,37.502354,127.071052
광평교-30,37.487876,127.103175
강_49_1-98,37.53882,127.098591
광평교-03,37.487956,127.104164
장_06-01,37.501959,127.071245
올림픽대교북단_02-15,37.538887,127.100519
강_49-30,37.538882,127.101355
올림픽대교북단_01-01,37.53888,127.09877
봉은교-05,37.515468,127.067956
올_67A-14,37.536738,127.113166
강_49-74,37.538917,127.100784
강_49_1-19,37.538905,127.101717
강_45-82,37.529164,127.074739
올림픽대교북단_02-535,37.538936,127.099367
광평교-02,37.487822,127.103715
봉은교-18,37.515631,127.067917
올_68A-24,37.536926,127.112786
장_07-34,37.50254,127.070753
올_55-18,37.518044,127.068319
올_56-15,37.518405,127.068392
장_07-80,37.511423,127.067832
장_07-81,37.511697,127.067806
강_45-73,37.529445,127.074927
삼성교-02,37.509984,127.068011
올_68-35,37.536876,127.113019
강_49_1-99,37.538964,127.098438
장_07-79,37.51114,127.067852
장_07-82,37.511989,127.067773
장_07-62,37.510813,127.067879
강_49-60,37.538997,127.101197
장_07-61,37.510514,127.067914
장_07-83,37.512273,127.067748
장_07-84,37.512562,127.067718
올림픽대교북단_02-12,37.538991,127.098416
장_07-60,37.510211,127.067931
장_07-85,37.51282,127.067686
광평교-01,37.48768,127.103263
올림픽대교북단_02-14,37.539049,127.100476
장_07-59,37.509906,127.06795
장_07-32,37.502176,127.070852
올_55-07,37.518224,127.068257
장_03-17,37.48808,127.106705
올_67-19,37.536798,127.113455
장_07-58,37.509607,127.067989
장_07-63,37.510955,127.067786
장_07-65,37.511513,127.067728
장_07-86,37.513077,127.067649
장_07-64,37.51124,127.06775
장_07-66,37.511803,127.0677
장_07-67,37.512094,127.067674
올림픽대교북단_02-507,37.539075,127.099426
장_07-68,37.51238,127.067654
장_07-57,37.509294,127.068015
장_07-87,37.513316,127.067607
장_07-35,37.502749,127.070451
장_07-56,37.508994,127.068038
장_07-69,37.512659,127.06759
강_49-29,37.539101,127.101619
봉은교-04,37.515446,127.067679
장_07-55,37.50866,127.068097
장_07-88,37.513571,127.067558
장_08-33,37.510972,127.06768
장_07-54,37.508321,127.068157
강_49_1-20,37.539115,127.101912
강_49-73,37.539147,127.101053
장_08-34,37.511297,127.067635
봉은교-19,37.515604,127.067662
강_45-78,37.529393,127.074597
장_07-53,37.508002,127.068215
장_07-89,37.513814,127.067522
장_08-35,37.511597,127.067587
올림픽대교북단_02-521,37.53915,127.098615
올림픽대교북단_02-13,37.53918,127.100365
장_07-70,37.51292,127.067504
장_08-36,37.511889,127.067543
장_07-52,37.507689,127.068268
장_07-31,37.502368,127.070543
올림픽대교북단_02-513,37.539196,127.09952
장_07-90,37.514063,127.067486
장_08-37,37.512182,127.067496
장_07-36,37.50297,127.070175
장_07-51,37.507365,127.068333
삼성교-12,37.510223,127.06767
장_08-38,37.512477,127.067453
강_49-61,37.539223,127.101465
장_07-50,37.507044,127.068386
장_07-91,37.514337,127.067441
올_68-34,37.537073,127.113272
장_07-71,37.51316,127.067402
올_55-17,37.518077,127.067956
장_08-39,37.512803,127.067405
올림픽대교북단_02-527,37.539281,127.10022
올_67A-15,37.537022,127.113497
장_07-49,37.506742,127.068439
올림픽대교북단_02-501,37.539284,127.099676
올_56_1-38,37.518563,127.068042
올_68A-23,37.537179,127.113091
장_07-92,37.514599,127.067396
장_08-40,37.513117,127.067351
장_07-37,37.503213,127.069913
장_07-48,37.506453,127.068495
강_45-47,37.529313,127.074275
봉은교-03,37.515423,127.067437
장_07-30,37.502579,127.070245
올림픽대교북단_02-534,37.53933,127.10005
올림픽대교북단_02-519,37.539332,127.099852
장_08-41,37.513435,127.067314
장_03-18,37.487834,127.1069
장_07-93,37.514849,127.067357
강_49-28,37.539317,127.101903
봉은교-20,37.515582,127.067407
장_07-05,37.51021,127.067497
장_07-04,37.510526,127.067451
장_07-06,37.509896,127.067546
강_49-21,37.539334,127.10214
장_07-07,37.509586,127.06759
장_07-08,37.509277,127.067642
장_07-03,37.510847,127.067392
장_08-42,37.513769,127.067248
장_07-09,37.508973,127.067699
장_07-02,37.511183,127.067349
장_07-38,37.503481,127.069662
장_07-94,37.515098,127.067315
장_07-47,37.506136,127.068503
강_49-72,37.53938,127.101329
올_55-06,37.518244,127.067821
장_07-10,37.508665,127.067746
장_07-01,37.51151,127.067292
장_07-11,37.508345,127.067802
삼성교-01,37.509894,127.067479
장_07-46,37.505876,127.068556
장_08-32,37.511867,127.067245
올_67-20,37.537075,127.113799
장_07-29,37.502808,127.069967
장_08-43,37.514082,127.067199
장_07-12,37.508024,127.067852
장_07-72,37.513364,127.067171
장_07-95,37.515359,127.067269
장_08-31,37.512195,127.067195
강_49-62,37.539425,127.10174
장_07-39,37.503757,127.069437
장_07-13,37.507702,127.06792
장_07-45,37.505571,127.068618
장_08-30,37.512511,127.067149
장_08-44,37.514386,127.067154
장_07-96,37.515518,127.067239
장_07-14,37.507374,127.067973
올림픽대교북단_02-11,37.539442,127.09787
장_07-40,37.504041,127.069233
장_08-29,37.512806,127.067103
장_07-97,37.515664,127.067223
장_07-44,37.505256,127.068685
봉은교-02,37.515402,127.067191
올_56_1-16,37.51843,127.067717
장_07-15,37.507054,127.068035
강_45-48,37.529527,127.074164
장_03D-17,37.487687,127.107185
장_07-28,37.503055,127.069699
장_07-43,37.504938,127.068793
장_08-45,37.514689,127.067108
장_07-41,37.504332,127.069058
장_07-98,37.5158,127.067211
봉은교-21,37.515557,127.067173
장_08-28,37.513135,127.067051
장_07-42,37.504627,127.06891
올_68-33,37.5373,127.113536
장_07-16,37.506727,127.068096
장_07-114,37.506586,127.068141
강_49-27,37.539508,127.102206
장_07-99,37.515954,127.067182
장_08-27,37.513454,127.067008
장_07-17,37.506434,127.068152
장_08-46,37.514981,127.067062
올림픽대교북단_02-02,37.539538,127.098046
장_03-19,37.487591,127.107093
장_07-100,37.516085,127.067152
올_55-16,37.518098,127.06752
장_07-27,37.503318,127.069443
올_68A-22,37.537427,127.113392
장_08-26,37.513778,127.06695
강_49-71,37.539602,127.101614
장_07-18,37.50611,127.068206
올_67A-16,37.537293,127.113824
강_49-22,37.539576,127.102443
장_07-101,37.516223,127.067131
장_08-47,37.515292,127.067022
장_07-73,37.513602,127.066921
강_49-63,37.539626,127.102047
장_08-25,37.514092,127.066904
강_45-46,37.529446,127.073833
장_07-19,37.505785,127.068261
장_07-26,37.503589,127.069217
봉은교-01,37.515383,127.066964
장_07-102,37.516352,127.067083
장_08-48,37.515575,127.066984
장_07-74,37.513896,127.066864
장_08-24,37.514385,127.066857
장_07-20,37.505442,127.068339
봉은교-22,37.51554,127.066946
장_07-25,37.503871,127.069015
장_03D-16,37.487496,127.107345
장_07-75,37.514184,127.066814
장_07-103,37.516479,127.067034
올_55-05,37.51826,127.067381
장_08-49,37.515835,127.066934
장_07-21,37.505083,127.068425
장_07-24,37.504165,127.068826
올_67-21,37.53732,127.114154
장_08-23,37.514688,127.066802
장_07-23,37.50446,127.068668
장_07-22,37.504764,127.068533
장_07-76,37.514481,127.066774
강_45-01,37.529747,127.073939
올_56-39,37.518588,127.06739
장_07-104,37.516607,127.066977
장_08-50,37.516124,127.066884
장_08-22,37.514978,127.066758
강_49-23,37.539755,127.102718
장_07-77,37.514782,127.066727
강_49-70,37.539806,127.101916
올림픽대교북단_02-518,37.53976,127.097447
장_03-20,37.487355,127.10728
장_07-105,37.51672,127.066902
장_08-51,37.516421,127.066855
올_68-32,37.537558,127.113843
장_08-21,37.515275,127.06671
강_49-64,37.539836,127.102397
장_07-78,37.515089,127.066671
강_45-49,37.529669,127.073677
장_08-20,37.515554,127.066678
올림픽대교북단_02-03,37.539868,127.097605
올_68A-21,37.537684,127.113698
올_55-15,37.518122,127.067084
장_08-52,37.516687,127.066797
장_07-106,37.516845,127.066819
장_03D-15,37.487294,127.107502
장_08-19,37.515846,127.066633
장_08-53,37.516959,127.066758
강_45-45,37.529567,127.073391
강_49-69,37.539985,127.10223
올_56-17,37.518467,127.06706
올_68-01,37.537605,127.114185
강_49-24,37.539949,127.103005
장_07-107,37.516952,127.066727
장_08-18,37.516136,127.066597
올_55-04,37.518275,127.066943
장_08-54,37.517224,127.066717
강_49-65,37.540032,127.102716
장_08-17,37.516407,127.06654
올_69-01,37.537575,127.114554
장_03-21,37.487111,127.107478
장_07-108,37.517062,127.066616
장_08-81,37.516548,127.066518
강_45-02,37.529882,127.073476
올림픽대교북단_02-500,37.540068,127.097061
장_08-55,37.517513,127.066662
올_69-13,37.537655,127.114481
장_03D-14,37.487083,127.107666
장_08-16,37.516683,127.066477
올_68-31,37.537812,127.114158
강_49-68,37.540165,127.102528
장_07-109,37.517169,127.066506
강_49-25,37.540138,127.103277
올림픽대교북단_02-04,37.540164,127.097219
올_55-14,37.518139,127.066673
